{
  "clip": 3.0,
  "eps": 1e-08,
  "feature_names": [
    "lambda1",
    "lambda2"
  ],
  "mean": [
    1.7877070903778076,
    0.6521671414375305
  ],
  "std": [
    1.7842540740966797,
    0.7947279810905457
  ]
}