{
  "threshold": 0.5732233823812409,
  "val_f1": 0.8746438746438746,
  "accuracy": 0.9022222222222223,
  "precision": 0.821954484605087,
  "recall": 0.9345509893455098,
  "f1": 0.8746438746438746,
  "roc_auc": 0.9603276378884907,
  "pr_auc": 0.9237753987647307
}