{
  "dataset": {
    "num_images": 300,
    "image_shape": [
      64,
      64
    ],
    "scene_counts": {
      "l_corner": 100,
      "t_junction": 100,
      "x_junction": 100
    },
    "num_patches": 7500,
    "positive_patches": 1500,
    "negative_patches": 6000,
    "feature_names": [
      "ix_center",
      "iy_center",
      "ix2_sum",
      "iy2_sum",
      "ixiy_sum",
      "grad_mag_center",
      "harris_response",
      "patch_mean",
      "patch_std"
    ]
  },
  "mlp_validation": {
    "precision": 0.9122340425531915,
    "recall": 0.9146666666666666,
    "f1": 0.9134487350199734,
    "loss_final": 0.02028072150578895,
    "probability_min": 2.2080526510930613e-29,
    "probability_max": 1.0
  },
  "overlay_image": {
    "image_id": 0,
    "scene_type": "l_corner",
    "gt_points": [
      [
        32.65978240966797,
        31.914011001586914
      ]
    ],
    "harris": {
      "precision": 0.2,
      "recall": 1.0,
      "f1": 0.33333333333333337,
      "true_positives": 1,
      "false_positives": 4,
      "false_negatives": 0
    },
    "fast": {
      "precision": 0.2,
      "recall": 1.0,
      "f1": 0.33333333333333337,
      "true_positives": 1,
      "false_positives": 4,
      "false_negatives": 0
    },
    "orb": {
      "precision": 0.03333333333333333,
      "recall": 1.0,
      "f1": 0.06451612903225806,
      "true_positives": 1,
      "false_positives": 29,
      "false_negatives": 0
    },
    "mlp": {
      "precision": 0.14285714285714285,
      "recall": 1.0,
      "f1": 0.25,
      "true_positives": 1,
      "false_positives": 6,
      "false_negatives": 0
    },
    "mlp_probability_threshold": 0.5,
    "mlp_probability_max": 1.0
  },
  "baseline_evaluation": {
    "harris": {
      "precision": 0.16657027183342973,
      "recall": 0.96,
      "f1": 0.2838836865450961,
      "true_positives": 288,
      "false_positives": 1441,
      "false_negatives": 12,
      "detected_points": 1729,
      "evaluated_images": 300
    },
    "fast": {
      "precision": 0.06664970745357415,
      "recall": 0.8733333333333333,
      "f1": 0.12384779012053888,
      "true_positives": 262,
      "false_positives": 3669,
      "false_negatives": 38,
      "detected_points": 3931,
      "evaluated_images": 300
    },
    "orb": {
      "precision": 0.029641339788558443,
      "recall": 1.0,
      "f1": 0.057576048363880625,
      "true_positives": 300,
      "false_positives": 9821,
      "false_negatives": 0,
      "detected_points": 10121,
      "evaluated_images": 300
    },
    "mlp": {
      "precision": 0.12191842223218288,
      "recall": 0.9066666666666666,
      "f1": 0.21493480837613593,
      "true_positives": 272,
      "false_positives": 1959,
      "false_negatives": 28,
      "detected_points": 2231,
      "evaluated_images": 300
    }
  }
}