case,method,samples,positives,precision,recall,f1,pr_auc
saltpepper_0.03,MLP,1500,300,0.4707792207792208,0.9666666666666667,0.6331877729257642,0.6831833235602126
saltpepper_0.03,QNN,1500,300,0.5698924731182796,0.8833333333333333,0.6928104575163399,0.5172149145045436
