name,model_name,feature_set,n_qubits,layers,train_samples,test_samples,val_f1,threshold,precision,recall,f1,roc_auc,pr_auc,condition,train_positives,shots,resource_note
resource_logistic,logistic,lambda12,0,0,500,1500,0.9233226837060703,0.35853617700416013,0.8888888888888888,0.96,0.9230769230769231,0.9921666666666666,0.9644820293783187,clean,100,1024,2 input features; QPP uses 2 qubits/2 layers with scores quantized to 1024-shot resolution; MLP uses one 8-unit hidden layer
resource_mlp8,mlp8,lambda12,0,1,500,1500,0.931637519872814,0.08857562239855939,0.8865030674846626,0.9633333333333334,0.9233226837060703,0.9932722222222222,0.9697750039645655,clean,100,1024,2 input features; QPP uses 2 qubits/2 layers with scores quantized to 1024-shot resolution; MLP uses one 8-unit hidden layer
resource_qpp_qnn2,qpp_qnn2,lambda12,2,2,500,1500,0.878419452887538,0.56640625,0.8357771260997068,0.95,0.8892355694227769,0.9788875,0.8863709711111036,clean,100,1024,2 input features; QPP uses 2 qubits/2 layers with scores quantized to 1024-shot resolution; MLP uses one 8-unit hidden layer
resource_logistic,logistic,lambda12,0,0,500,1500,0.9233226837060703,0.35853617700416013,0.36009732360097324,0.9866666666666667,0.5276292335115864,0.9257902777777778,0.7668468605019849,saltpepper_0.03,100,1024,2 input features; QPP uses 2 qubits/2 layers with scores quantized to 1024-shot resolution; MLP uses one 8-unit hidden layer
resource_mlp8,mlp8,lambda12,0,1,500,1500,0.931637519872814,0.08857562239855939,0.30809128630705396,0.99,0.4699367088607595,0.9147541666666666,0.7351677545251502,saltpepper_0.03,100,1024,2 input features; QPP uses 2 qubits/2 layers with scores quantized to 1024-shot resolution; MLP uses one 8-unit hidden layer
resource_qpp_qnn2,qpp_qnn2,lambda12,2,2,500,1500,0.8299120234604106,0.6171875,0.37595907928388744,0.98,0.5434380776340111,0.7621708333333334,0.3288501522670333,saltpepper_0.03,100,1024,2 input features; QPP uses 2 qubits/2 layers with scores quantized to 1024-shot resolution; MLP uses one 8-unit hidden layer
